title,company,location,link,post_date
"Senior Software Developer (.Net, Python, Azure)",Sportism,"Mumbai, Nagpur, Pune",https://www.naukri.com/job-listings-senior-software-developer-net-python-azure-sportism-mumbai-nagpur-pune-4-to-9-years-040625932217,2 days ago
Python Developer,Volody Product,Mumbai,https://www.naukri.com/job-listings-python-developer-volody-product-inc-mumbai-2-to-4-years-060625910308,Today
Python Developer,Atyeti,"Hybrid - Mumbai, Pune",https://www.naukri.com/job-listings-python-developer-atyeti-mumbai-pune-1-to-3-years-060625028573,Few hours ago
Python developer,Euclid Innovations,"Mumbai, Nagpur, Thane, Nashik, Pune, Aurangabad",https://www.naukri.com/job-listings-python-developer-euclid-innovations-pvt-ltd-mumbai-nagpur-thane-nashik-pune-aurangabad-3-to-7-years-040625502120,2 days ago
Python Developer,Think 360,"Navi Mumbai, Pune, Mumbai (All Areas)",https://www.naukri.com/job-listings-python-developer-think-360-navi-mumbai-pune-mumbai-all-areas-2-to-6-years-050625016842,1 day ago
Python Developer,MSCI Services,Mumbai,https://www.naukri.com/job-listings-python-developer-msci-services-mumbai-2-to-5-years-300525014444,1 week ago
python developer,Xoriant,"Hybrid - Mumbai, Pune, Bengaluru",https://www.naukri.com/job-listings-python-developer-xoriant-mumbai-pune-bengaluru-4-to-9-years-290525032392,1 week ago
Python Developer,Total Shape,"Mumbai, Kolkata, New Delhi, Hyderabad, Pune, Chennai, Bengaluru",https://www.naukri.com/job-listings-python-developer-total-shape-kolkata-mumbai-new-delhi-hyderabad-pune-chennai-bengaluru-1-to-4-years-280525501795,1 week ago
Python Developer,Wissen Technology,Mumbai,https://www.naukri.com/job-listings-python-developer-wissen-infotech-pvt-ltd-mumbai-4-to-7-years-020625501932,4 days ago
Python Software Developer,IKS HEALTH,Remote,https://www.naukri.com/job-listings-python-software-developer-iks-health-mumbai-all-areas-2-to-5-years-310525014478,6 days ago
Python Developer,LanceSoft.inc,"Mumbai (All Areas), Bengaluru, Delhi / NCR",https://www.naukri.com/job-listings-python-developer-lancesoft-bengaluru-delhi-ncr-mumbai-all-areas-3-to-5-years-260525002688,1 week ago
Python Developer @bfsi investment Banking,Net Connect,"Hybrid - Mumbai (All Areas), Bengaluru",https://www.naukri.com/job-listings-python-developer-bfsi-investment-banking-net-connect-bengaluru-mumbai-all-areas-4-to-9-years-190225023776,1 week ago
Python developer,Ltimindtree,"Hybrid - Mumbai (All Areas), Pune, Bengaluru",https://www.naukri.com/job-listings-python-developer-ltimindtree-pune-bengaluru-mumbai-all-areas-7-to-10-years-260525012243,1 week ago
Python Developer,Python Developer,"Mumbai (All Areas), Bengaluru",https://www.naukri.com/job-listings-python-developer-talent-sketchers-bengaluru-mumbai-all-areas-6-to-9-years-280525017028,1 week ago
"Senior Software Developer- Python, FastAPI",Quantiphi Analytics Solutions,"Hybrid - Mumbai (All Areas), Bengaluru",https://www.naukri.com/job-listings-senior-software-developer-python-fastapi-quantiphi-analytics-solutions-bengaluru-mumbai-all-areas-3-to-7-years-290525040132,1 week ago
Python Software Developer,Trigent Software,"Hybrid - Mumbai (All Areas), Gurugram, Bengaluru",https://www.naukri.com/job-listings-python-software-developer-trigent-software-gurugram-bengaluru-mumbai-all-areas-3-to-7-years-170425020132,1 week ago
SDE2 Python Developer,Bombay Softwares,Mumbai,https://www.naukri.com/job-listings-sde2-python-developer-bombay-softwares-mumbai-1-to-5-years-290525919969,1 week ago
SDE2 Python Developer,Bombay Softwares,Mumbai,https://www.naukri.com/job-listings-sde2-python-developer-bombay-softwares-mumbai-1-to-5-years-280525921268,1 week ago
Python Developer,Suzva Software Technologies,Mumbai,https://www.naukri.com/job-listings-python-developer-suzva-software-technology-mumbai-6-to-8-years-280525928978,1 week ago
Python Developer,Suzva Software Technologies,Hybrid - Mumbai,https://www.naukri.com/job-listings-python-developer-suzva-software-technology-mumbai-6-to-8-years-260525902520,1 week ago
